,client_code,cinema_sum,entertainment_sum,food_sum,fuel_sum,onlineservices_sum,premiumgoods_sum,transport_sum,travel_sum,cinema_mean,entertainment_mean,food_mean,fuel_mean,onlineservices_mean,premiumgoods_mean,transport_mean,travel_mean,cinema_count,entertainment_count,food_count,fuel_count,onlineservices_count,premiumgoods_count,transport_count,travel_count,atm_withdrawal_sum,card_in_sum,card_out_sum,cashback_in_sum,cc_repayment_out_sum,deposit_topup_out_sum,family_in_sum,fx_buy_sum,fx_sell_sum,gold_buy_out_sum,gold_sell_in_sum,installment_payment_out_sum,invest_in_sum,invest_out_sum,loan_payment_out_sum,p2p_out_sum,refund_in_sum,salary_in_sum,stipend_in_sum,utilities_out_sum,atm_withdrawal_mean,card_in_mean,card_out_mean,cashback_in_mean,cc_repayment_out_mean,deposit_topup_out_mean,family_in_mean,fx_buy_mean,fx_sell_mean,gold_buy_out_mean,gold_sell_in_mean,installment_payment_out_mean,invest_in_mean,invest_out_mean,loan_payment_out_mean,p2p_out_mean,refund_in_mean,salary_in_mean,stipend_in_mean,utilities_out_mean,atm_withdrawal_count,card_in_count,card_out_count,cashback_in_count,cc_repayment_out_count,deposit_topup_out_count,family_in_count,fx_buy_count,fx_sell_count,gold_buy_out_count,gold_sell_in_count,installment_payment_out_count,invest_in_count,invest_out_count,loan_payment_out_count,p2p_out_count,refund_in_count,salary_in_count,stipend_in_count,utilities_out_count,status,age,city,avg_monthly_balance_KZT
0,1,175385.46,8854.05,1164024.65,153233.34,483375.87,0.0,232520.11,409520.79,5657.595483870968,8854.05,10393.077232142856,19154.1675,5142.296489361702,0.0,4844.168958333333,68253.465,31,1,112,8,94,0,48,6,617946.71,175924.07,3829951.76,138273.34,0.0,0.0,0.0,0.0,0.0,0.0,0.0,0.0,0.0,0.0,508010.26,1274129.26,114471.5,1446421.73,0.0,492152.41000000003,34330.372777777775,11728.271333333334,23211.828848484845,15363.704444444444,0.0,0.0,0.0,0.0,0.0,0.0,0.0,0.0,0.0,0.0,56445.584444444445,21235.487666666668,19078.583333333332,482140.57666666666,0.0,32810.16066666667,18,15,165,9,0,0,0,0,0,0,0,0,0,0,9,60,6,3,0,15,Зарплатный клиент,29,1,92643
1,10,126490.08,0.0,1419474.38,231418.66,413621.76,529593.8099999999,198936.05,0.0,4865.003076923077,0.0,11828.953166666666,17801.435384615386,5170.272,26479.690499999997,4852.098780487805,0.0,26,0,120,13,80,20,41,0,1251711.25,292431.69,4160053.26,184539.23,0.0,0.0,0.0,0.0,0.0,0.0,0.0,0.0,0.0,0.0,789444.4400000001,1774833.09,208027.80000000002,1293311.35,0.0,562785.97,41723.708333333336,19495.446,28889.258749999997,20504.35888888889,0.0,0.0,0.0,0.0,0.0,0.0,0.0,0.0,0.0,0.0,52629.62933333334,29580.5515,34671.3,431103.7833333334,0.0,31265.88722222222,30,15,144,9,0,0,0,0,0,0,0,0,0,0,15,60,6,3,0,18,Зарплатный клиент,38,3,1277325
2,11,137445.63,0.0,1324990.24,182670.24,456565.4,649007.84,229448.34,0.0,4908.7725,0.0,12268.428148148148,20296.693333333333,5188.243181818182,34158.307368421054,4780.17375,0.0,28,0,108,9,88,19,48,0,981428.97,315250.44,4168919.84,263120.01,0.0,0.0,0.0,0.0,0.0,0.0,0.0,0.0,0.0,0.0,853197.21,1499275.03,125587.02,1314290.56,0.0,500975.48,32714.299,21016.696,28950.83222222222,29235.556666666667,0.0,0.0,0.0,0.0,0.0,0.0,0.0,0.0,0.0,0.0,56879.814,24987.917166666666,20931.170000000002,438096.85333333333,0.0,27831.97111111111,30,15,144,9,0,0,0,0,0,0,0,0,0,0,15,60,6,3,0,18,Премиальный клиент,50,3,3230572
3,12,160315.94,0.0,1127402.92,250371.27,433878.29,406010.97000000003,267975.2,0.0,4715.174705882353,0.0,10635.876603773584,19259.328461538462,5492.130253164557,20300.5485,5582.816666666667,0.0,34,0,106,13,79,20,48,0,1318239.74,364486.76,3643053.0100000002,282860.65,0.0,0.0,0.0,0.0,0.0,0.0,0.0,0.0,0.0,0.0,995748.27,1783809.85,104585.75,1349630.0899999999,0.0,504700.60000000003,43941.32466666667,24299.117333333335,25298.979236111114,31428.961111111115,0.0,0.0,0.0,0.0,0.0,0.0,0.0,0.0,0.0,0.0,66383.21800000001,29730.16416666667,17430.958333333332,449876.6966666666,0.0,28038.922222222223,30,15,144,9,0,0,0,0,0,0,0,0,0,0,15,60,6,3,0,18,Зарплатный клиент,42,3,849046
4,13,102483.41,3341.87,757865.68,97764.44,566371.3,0.0,114316.44,128041.0,5124.1705,3341.87,7357.919223300972,19552.888,4390.47519379845,0.0,3089.6335135135137,25608.2,20,1,103,5,129,0,37,5,681709.4299999999,138367.44999999998,1070652.04,149592.74,2102089.44,0.0,141889.06,0.0,0.0,0.0,0.0,780910.16,0.0,0.0,594503.7,513285.94,105596.54000000001,0.0,116594.26000000001,439869.55,37872.746111111104,11530.620833333332,8497.238412698413,16621.415555555555,116782.74666666666,0.0,23648.176666666666,0.0,0.0,0.0,0.0,43383.897777777776,0.0,0.0,66055.96666666666,8554.765666666666,17599.423333333336,0.0,38864.753333333334,29324.636666666665,18,12,126,9,18,0,6,0,0,0,0,18,0,0,9,60,6,0,3,15,Студент,20,1,54074
5,14,47716.22,0.0,1021446.96,175944.25,694503.25,0.0,168116.72,0.0,4771.622,0.0,11102.684347826087,19549.36111111111,4539.236928104575,0.0,4669.908888888889,0.0,10,0,92,9,153,0,36,0,634469.29,214288.82,2663570.06,118539.37000000001,1715514.4,0.0,0.0,0.0,0.0,0.0,0.0,988977.5499999999,0.0,0.0,535599.72,1238723.49,81391.85,1280377.64,0.0,407106.45,35248.29388888889,14285.921333333334,20647.82992248062,13171.041111111112,95306.35555555555,0.0,0.0,0.0,0.0,0.0,0.0,54943.19722222222,0.0,0.0,59511.079999999994,20645.3915,13565.308333333334,426792.54666666663,0.0,27140.43,18,15,129,9,18,0,0,0,0,0,0,18,0,0,9,60,6,3,0,15,Зарплатный клиент,27,1,57385
6,15,102316.81,0.0,1172879.24,133817.21,581379.12,0.0,194645.05,0.0,5684.267222222222,0.0,11847.26505050505,19116.744285714285,4243.643211678832,0.0,4990.898717948718,0.0,18,0,99,7,137,0,39,0,777850.11,185011.3,2761539.56,153894.48,1754915.6099999999,0.0,0.0,0.0,0.0,0.0,0.0,940756.81,0.0,0.0,574527.95,1269938.88,84989.22,1269938.8,0.0,441343.87,43213.895,12334.086666666666,21407.283410852713,17099.38666666667,97495.31166666666,0.0,0.0,0.0,0.0,0.0,0.0,52264.267222222225,0.0,0.0,63836.438888888886,21165.647999999997,14164.87,423312.93333333335,0.0,29422.924666666666,18,15,129,9,18,0,0,0,0,0,0,18,0,0,9,60,6,3,0,15,Стандартный клиент,31,1,160778
7,16,88627.99,2311.38,671142.87,62533.53,574814.73,0.0,146158.71,151124.34,5213.4111764705885,2311.38,7139.817765957447,15633.3825,4289.662164179104,0.0,3247.971333333333,30224.868,17,1,94,4,134,0,45,5,739742.36,188946.41,1033918.11,110015.44,1615713.23,0.0,153553.91,0.0,0.0,0.0,0.0,825165.81,0.0,0.0,580966.41,562921.96,95847.91,0.0,100066.37,437171.01,41096.79777777778,15745.534166666666,8205.699285714285,12223.937777777777,89761.84611111111,0.0,25592.318333333333,0.0,0.0,0.0,0.0,45842.545000000006,0.0,0.0,64551.823333333334,9382.032666666666,15974.651666666667,0.0,33355.456666666665,29144.734,18,12,126,9,18,0,6,0,0,0,0,18,0,0,9,60,6,0,3,15,Студент,23,2,46630
8,17,116350.51,0.0,1057220.33,163441.13,591096.25,0.0,183400.08000000002,0.0,5540.500476190476,0.0,11491.525326086958,20430.14125,4283.30615942029,0.0,4473.17268292683,0.0,21,0,92,8,138,0,41,0,800328.84,195567.27,2555439.78,78730.32,1864213.88,0.0,0.0,0.0,0.0,0.0,0.0,807917.37,0.0,0.0,603248.02,1180852.24,73689.19,1393148.9,0.0,420024.68,44462.71333333333,13037.818,19809.610697674416,8747.813333333334,103567.43777777777,0.0,0.0,0.0,0.0,0.0,0.0,44884.29833333333,0.0,0.0,67027.55777777778,19680.870666666666,12281.531666666668,464382.9666666666,0.0,28001.645333333334,18,15,129,9,18,0,0,0,0,0,0,18,0,0,9,60,6,3,0,15,Зарплатный клиент,30,3,89126
9,18,109727.57,0.0,1300876.47,202593.38999999998,557755.94,0.0,174621.63,0.0,4770.763913043478,0.0,12629.868640776698,20259.339,4323.68945736434,0.0,4989.189428571429,0.0,23,0,103,10,129,0,35,0,694150.21,195020.71,2548747.73,114176.24,1640070.06,0.0,0.0,0.0,0.0,0.0,0.0,795222.44,0.0,0.0,634796.02,1277107.08,77987.88,1226919.9100000001,0.0,437156.91,38563.900555555556,13001.380666666666,19757.73434108527,12686.24888888889,91115.00333333334,0.0,0.0,0.0,0.0,0.0,0.0,44179.02444444444,0.0,0.0,70532.89111111111,21285.118000000002,12997.980000000001,408973.3033333334,0.0,29143.793999999998,18,15,129,9,18,0,0,0,0,0,0,18,0,0,9,60,6,3,0,15,Стандартный клиент,35,3,98089
10,19,159762.59,0.0,1204087.38,185323.07,504635.96,0.0,224599.29,0.0,4698.8997058823525,0.0,9951.135371900826,26474.72428571429,5485.17347826087,0.0,4882.593260869566,0.0,34,0,121,7,92,0,46,0,762764.89,268884.48,2669438.93,139119.19,0.0,0.0,0.0,8504899.04,1552145.83,0.0,0.0,0.0,0.0,0.0,539213.5,1339371.59,69069.73,1281363.67,0.0,486980.53,42375.82722222222,17925.631999999998,22245.324416666666,15457.687777777777,0.0,0.0,0.0,236247.19555555552,172460.64777777778,0.0,0.0,0.0,0.0,0.0,59912.61111111111,22322.859833333336,11511.621666666666,427121.2233333333,0.0,32465.36866666667,18,15,120,9,0,0,0,36,9,0,0,0,0,0,9,60,6,3,0,15,Зарплатный клиент,32,1,80150
11,2,149449.46,10583.06,1373996.91,178436.7,472912.17,0.0,214919.38999999998,222974.63,4981.648666666666,10583.06,11170.706585365853,19826.300000000003,5374.001931818181,0.0,4884.5315909090905,44594.926,30,1,123,9,88,0,44,5,775789.21,205405.18,3652000.64,107537.19,0.0,0.0,0.0,0.0,0.0,0.0,0.0,0.0,0.0,0.0,505633.41,1305706.44,55248.950000000004,1278082.01,0.0,396920.77,43099.400555555556,13693.678666666667,22133.337212121212,11948.576666666668,0.0,0.0,0.0,0.0,0.0,0.0,0.0,0.0,0.0,0.0,56181.49,21761.773999999998,9208.158333333335,426027.33666666667,0.0,26461.38466666667,18,15,165,9,0,0,0,0,0,0,0,0,0,0,9,60,6,3,0,15,Премиальный клиент,41,1,1577073
12,20,184174.53,0.0,1181187.29,96467.27,481154.45,0.0,270102.45,0.0,5755.4540625,0.0,10182.649051724138,19293.454,5467.664204545455,0.0,4578.007627118644,0.0,32,0,116,5,88,0,59,0,678335.13,166189.88999999998,2456934.2,133895.66999999998,0.0,0.0,0.0,7617028.33,1336070.6,0.0,0.0,0.0,0.0,0.0,607028.67,1114628.81,64592.97,1370995.51,0.0,376295.87,37685.285,11079.326,20474.451666666668,14877.296666666665,0.0,0.0,0.0,211584.12027777778,148452.2888888889,0.0,0.0,0.0,0.0,0.0,67447.63,18577.146833333336,10765.495,456998.50333333336,0.0,25086.391333333333,18,15,120,9,0,0,0,36,9,0,0,0,0,0,9,60,6,3,0,15,Стандартный клиент,28,1,141515
13,21,175285.52,0.0,1221584.87,93380.24,478378.84,0.0,248405.97,0.0,5008.157714285714,0.0,10352.414152542375,18676.048000000003,5375.043146067416,0.0,4686.905094339622,0.0,35,0,118,5,89,0,53,0,746047.77,273253.58999999997,2510824.56,140185.84,0.0,0.0,0.0,8420622.99,1663835.72,0.0,0.0,0.0,0.0,0.0,566628.25,1249584.77,80433.32,1331908.29,0.0,461522.0,41447.098333333335,18216.906,20923.538,15576.204444444444,0.0,0.0,0.0,233906.19416666668,184870.63555555555,0.0,0.0,0.0,0.0,0.0,62958.694444444445,20826.412833333332,13405.553333333335,443969.43,0.0,30768.133333333335,18,15,120,9,0,0,0,36,9,0,0,0,0,0,9,60,6,3,0,15,Премиальный клиент,44,1,1798169
14,22,222662.29,0.0,1222872.42,101345.41,483598.09,0.0,275781.66,0.0,5301.483095238095,0.0,11428.714205607475,16890.90166666667,5373.312111111111,0.0,5014.2119999999995,0.0,42,0,107,6,90,0,55,0,653210.35,158639.96,2359595.38,108221.98,0.0,0.0,0.0,7350163.63,1474910.42,0.0,0.0,0.0,0.0,0.0,425227.52,1292588.4,117475.24,1268162.6400000001,0.0,474655.06,36289.46388888889,10575.997333333333,19663.294833333333,12024.664444444445,0.0,0.0,0.0,204171.21194444445,163878.93555555554,0.0,0.0,0.0,0.0,0.0,47247.502222222225,21543.14,19579.20666666667,422720.88000000006,0.0,31643.670666666665,18,15,120,9,0,0,0,36,9,0,0,0,0,0,9,60,6,3,0,15,Зарплатный клиент,26,1,77474
15,23,171860.22,0.0,1275300.76,179132.71,426695.79,0.0,265462.72,0.0,5370.631875,0.0,10453.284918032787,17913.271,5267.849259259259,0.0,4826.594909090909,0.0,32,0,122,10,81,0,55,0,740765.19,207098.31,2390023.79,146363.08,0.0,0.0,0.0,7288324.96,3499491.57,0.0,0.0,0.0,0.0,0.0,548311.6900000001,1134295.08,61474.21,1309315.46,0.0,436215.95,41153.621666666666,13806.554,19916.864916666666,16262.564444444442,0.0,0.0,0.0,202453.4711111111,388832.39666666667,0.0,0.0,0.0,0.0,0.0,60923.52111111112,18904.918,10245.701666666666,436438.48666666663,0.0,29081.063333333335,18,15,120,9,0,0,0,36,9,0,0,0,0,0,9,60,6,3,0,15,Стандартный клиент,39,3,146389
16,24,175878.93,0.0,1426192.29,186830.91999999998,459061.14,0.0,259775.57,0.0,5172.909705882353,0.0,11501.550725806452,18683.091999999997,5276.564827586207,0.0,5772.790444444445,0.0,34,0,124,10,87,0,45,0,806563.4,210497.87,2416367.71,128711.61,0.0,0.0,0.0,7994088.2,1930580.24,0.0,0.0,0.0,0.0,0.0,539462.02,1367339.82,61417.509999999995,1218793.55,0.0,459867.25,44809.07777777778,14033.191333333332,20136.39758333333,14301.29,0.0,0.0,0.0,222058.00555555557,214508.91555555555,0.0,0.0,0.0,0.0,0.0,59940.224444444444,22788.997,10236.251666666665,406264.51666666666,0.0,30657.816666666666,18,15,120,9,0,0,0,36,9,0,0,0,0,0,9,60,6,3,0,15,Зарплатный клиент,41,3,53785
17,25,136428.18,0.0,1110699.6199999999,175295.05,506277.46,0.0,311411.08,0.0,5457.1272,0.0,10284.25574074074,19477.227777777778,5273.723541666667,0.0,5022.75935483871,0.0,25,0,108,9,96,0,62,0,625173.29,197136.72,3184520.92,181452.94,0.0,0.0,0.0,0.0,0.0,0.0,0.0,0.0,0.0,0.0,899861.65,1293709.27,115445.91,1361613.19,0.0,533332.1,34731.849444444444,13142.448,20028.433459119497,20161.437777777777,0.0,0.0,0.0,0.0,0.0,0.0,0.0,0.0,0.0,0.0,59990.776666666665,21561.82116666667,19240.985,453871.0633333333,0.0,35555.473333333335,18,15,159,9,0,0,0,0,0,0,0,0,0,0,15,60,6,3,0,15,Зарплатный клиент,36,1,55634
18,26,180061.2,23773.7,1098358.44,201951.79,480754.03,0.0,306369.26,422095.73,5626.9125,11886.85,10663.674174757281,20195.179,5463.113977272727,0.0,5106.154333333334,84419.146,32,2,103,10,88,0,60,5,657742.2000000001,189835.97,3398769.49,88236.66,0.0,0.0,0.0,0.0,0.0,0.0,0.0,0.0,0.0,0.0,829076.43,1302506.28,66741.52,1364395.8399999999,0.0,493040.33,36541.23333333334,12655.731333333333,21375.908742138367,9804.073333333334,0.0,0.0,0.0,0.0,0.0,0.0,0.0,0.0,0.0,0.0,55271.762,21708.438000000002,11123.586666666668,454798.6133333333,0.0,32869.35533333333,18,15,159,9,0,0,0,0,0,0,0,0,0,0,15,60,6,3,0,15,Стандартный клиент,33,1,136248
19,27,159452.23,34636.57,1290856.95,85724.95000000001,423229.4,0.0,282136.77,273395.62,5315.074333333334,17318.285,10494.771951219513,17144.99,5038.445238095238,0.0,5532.093529411765,54679.123999999996,30,2,123,5,84,0,51,5,735481.91,207712.73,3359394.31,121835.63,0.0,0.0,0.0,0.0,0.0,0.0,0.0,0.0,0.0,0.0,910518.49,1243241.17,106121.79,956196.6699999999,0.0,418272.83999999997,40860.10611111111,13847.515333333335,21128.26610062893,13537.292222222222,0.0,0.0,0.0,0.0,0.0,0.0,0.0,0.0,0.0,0.0,60701.23266666666,20720.686166666666,17686.965,318732.2233333333,0.0,27884.855999999996,18,15,159,9,0,0,0,0,0,0,0,0,0,0,15,60,6,3,0,15,Зарплатный клиент,29,2,70858
20,28,176449.94,38176.3,1142667.3,149140.07,435882.6,0.0,264128.54,295045.9,5189.704117647059,19088.15,10387.884545454546,24856.678333333333,4953.211363636364,0.0,4802.337090909091,59009.18000000001,34,2,110,6,88,0,55,5,602732.11,229524.15,3171852.34,101766.45,0.0,0.0,0.0,0.0,0.0,0.0,0.0,0.0,0.0,0.0,944767.97,1414282.21,117386.33,1223290.94,0.0,487839.18,33485.11722222222,15301.609999999999,19948.75685534591,11307.383333333333,0.0,0.0,0.0,0.0,0.0,0.0,0.0,0.0,0.0,0.0,62984.53133333333,23571.370166666668,19564.388333333332,407763.64666666667,0.0,32522.612,18,15,159,9,0,0,0,0,0,0,0,0,0,0,15,60,6,3,0,15,Стандартный клиент,42,3,150281
21,29,95645.93,0.0,1409235.01,157269.7,426232.71,0.0,318593.89,272126.08999999997,5033.996315789474,0.0,11551.106639344262,17474.411111111112,4956.194302325582,0.0,5399.896440677966,54425.21799999999,19,0,122,9,86,0,59,5,598694.23,182041.87,3244228.03,108002.75,0.0,0.0,0.0,0.0,0.0,0.0,0.0,0.0,0.0,0.0,837251.78,1282776.61,48428.59,960668.38,0.0,448958.82,33260.790555555555,12136.124666666667,20403.949874213835,12000.305555555555,0.0,0.0,0.0,0.0,0.0,0.0,0.0,0.0,0.0,0.0,55816.78533333333,21379.61016666667,8071.431666666666,320222.79333333333,0.0,29930.588,18,15,159,9,0,0,0,0,0,0,0,0,0,0,15,60,6,3,0,15,Зарплатный клиент,25,3,88487
22,3,114144.37,38.46,764970.79,106816.58,451360.92,0.0,198998.99,935.19,4565.7748,9.615,6891.628738738739,21363.316,5071.471011235955,0.0,3431.017068965517,116.89875,25,4,111,5,89,0,58,8,759624.87,210788.76,1315353.95,187247.61000000002,0.0,0.0,107837.02,0.0,0.0,0.0,0.0,0.0,0.0,0.0,559824.1799999999,496377.33,60804.2,0.0,124207.57999999999,395640.68,42201.38166666667,17565.73,8119.468827160494,20805.29,0.0,0.0,17972.836666666666,0.0,0.0,0.0,0.0,0.0,0.0,0.0,62202.68666666666,8272.9555,10134.033333333333,0.0,41402.526666666665,26376.04533333333,18,12,162,9,0,0,6,0,0,0,0,0,0,0,9,60,6,0,3,15,Студент,22,1,63116
23,30,127883.66,8065.31,1437481.64,154940.86,433018.54,0.0,305230.19,323875.29000000004,4918.6023076923075,8065.31,12182.047796610168,19367.6075,5280.713902439024,0.0,5087.169833333333,64775.058000000005,26,1,118,8,82,0,60,5,601452.24,301992.08999999997,3345691.56,140128.92,0.0,0.0,0.0,0.0,0.0,0.0,0.0,0.0,0.0,0.0,886490.96,1226662.67,94459.42,1399272.11,0.0,422551.48,33414.013333333336,20132.805999999997,21042.085283018867,15569.880000000001,0.0,0.0,0.0,0.0,0.0,0.0,0.0,0.0,0.0,0.0,59099.397333333334,20444.377833333332,15743.236666666666,466424.0366666667,0.0,28170.098666666665,18,15,159,9,0,0,0,0,0,0,0,0,0,0,15,60,6,3,0,15,Стандартный клиент,40,3,104553
24,31,135584.34,0.0,1191412.95,247097.47,474318.32,0.0,294795.81,0.0,5214.782307692308,0.0,10183.016666666666,20591.455833333333,5270.203555555556,0.0,5359.923818181818,0.0,26,0,117,12,90,0,55,0,811615.94,228095.38999999998,3555545.11,118447.64,0.0,0.0,0.0,0.0,0.0,0.0,0.0,0.0,0.0,0.0,598234.14,1475665.18,58083.92,1247582.6,0.0,486436.96,45089.77444444444,15206.359333333332,21548.758242424243,13160.84888888889,0.0,0.0,0.0,0.0,0.0,0.0,0.0,0.0,0.0,0.0,66470.46,24594.419666666665,9680.653333333334,415860.8666666667,0.0,32429.130666666668,18,15,165,9,0,0,0,0,0,0,0,0,0,0,9,60,6,3,0,15,Зарплатный клиент,34,1,1303848
25,32,179676.92,0.0,1998607.1099999999,113223.29,467167.4,0.0,299663.25,0.0,5444.755151515152,0.0,16117.799274193547,16174.755714285713,5432.179069767442,0.0,5993.265,0.0,33,0,124,7,86,0,50,0,733894.4099999999,283851.13,3145608.97,109873.95,0.0,0.0,0.0,0.0,0.0,0.0,0.0,0.0,0.0,0.0,536185.43,1397208.18,76386.45,2525366.34,0.0,463374.34,40771.91166666666,11827.130416666667,20164.160064102565,12208.216666666667,0.0,0.0,0.0,0.0,0.0,0.0,0.0,0.0,0.0,0.0,59576.158888888895,23286.803,12731.074999999999,841788.7799999999,0.0,30891.62266666667,18,24,156,9,0,0,0,0,0,0,0,0,0,0,9,60,6,3,0,15,Премиальный клиент,46,1,2317160
26,33,138677.34,0.0,1412767.64,184962.49,505365.9,0.0,237022.27,0.0,5136.197777777777,0.0,11773.063666666665,18496.249,5104.70606060606,0.0,5386.869772727273,0.0,27,0,120,10,99,0,44,0,638770.2,213383.15,3552967.42,122336.79000000001,0.0,0.0,0.0,0.0,0.0,0.0,0.0,0.0,0.0,0.0,505892.19,1335090.6199999999,102295.86,1299295.78,0.0,408173.31,35487.23333333333,14225.543333333333,21533.135878787878,13592.976666666667,0.0,0.0,0.0,0.0,0.0,0.0,0.0,0.0,0.0,0.0,56210.24333333333,22251.51033333333,17049.31,433098.5933333333,0.0,27211.554,18,15,165,9,0,0,0,0,0,0,0,0,0,0,9,60,6,3,0,15,Зарплатный клиент,31,1,824246
27,35,171360.76,0.0,1914149.24,151296.69,436639.02,0.0,307225.0,0.0,5040.022352941177,0.0,15951.243666666667,21613.812857142857,5077.197906976744,0.0,5796.698113207547,0.0,34,0,120,7,86,0,53,0,671902.75,265378.82,3235919.35,121718.93,0.0,0.0,0.0,0.0,0.0,0.0,0.0,0.0,0.0,0.0,432611.96,1171327.98,75827.16,2099378.34,0.0,476956.35,37327.930555555555,11057.450833333334,20743.072756410256,13524.325555555555,0.0,0.0,0.0,0.0,0.0,0.0,0.0,0.0,0.0,0.0,48067.99555555556,19522.132999999998,12637.86,699792.7799999999,0.0,31797.09,18,24,156,9,0,0,0,0,0,0,0,0,0,0,9,60,6,3,0,15,Премиальный клиент,52,1,1448797
28,36,148297.71,0.0,1120125.23,119618.5,547877.12,0.0,266906.79,0.0,5296.346785714285,0.0,11090.348811881187,17088.35714285714,4980.70109090909,0.0,4942.718333333333,0.0,28,0,101,7,110,0,54,0,611012.5,232471.74,3472031.15,144614.72,0.0,0.0,0.0,0.0,0.0,0.0,0.0,0.0,0.0,0.0,637233.5599999999,1160602.96,70233.62,1111283.96,0.0,497256.75,33945.13888888889,15498.116,21042.61303030303,16068.302222222223,0.0,0.0,0.0,0.0,0.0,0.0,0.0,0.0,0.0,0.0,70803.72888888889,19343.382666666665,11705.603333333333,370427.98666666663,0.0,33150.45,18,15,165,9,0,0,0,0,0,0,0,0,0,0,9,60,6,3,0,15,Зарплатный клиент,29,3,712277
29,37,133883.44,0.0,1296695.01,95939.70999999999,530613.64,0.0,233716.3,0.0,4958.645925925926,0.0,11374.517631578947,15989.951666666666,5102.054230769231,0.0,4769.720408163265,0.0,27,0,114,6,104,0,49,0,864660.29,299270.81,3311857.53,180833.58000000002,0.0,0.0,0.0,0.0,0.0,0.0,0.0,0.0,0.0,0.0,540972.27,1154446.99,100807.24,1359242.26,0.0,482411.58,48036.68277777778,19951.387333333332,20071.863818181817,20092.620000000003,0.0,0.0,0.0,0.0,0.0,0.0,0.0,0.0,0.0,0.0,60108.03,19240.783166666668,16801.20666666667,453080.75333333336,0.0,32160.772,18,15,165,9,0,0,0,0,0,0,0,0,0,0,9,60,6,3,0,15,Зарплатный клиент,45,1,900361
30,38,112177.56,0.0,1801972.04,211893.45,555676.3099999999,0.0,304214.93,0.0,4154.724444444444,0.0,16381.564,23543.716666666667,5145.151018518518,0.0,6613.368043478261,0.0,27,0,110,9,108,0,46,0,592620.34,363745.55,3155138.63,133323.63,0.0,0.0,0.0,0.0,0.0,0.0,0.0,0.0,0.0,0.0,473249.22000000003,1179594.5,84553.88,2276116.7600000002,0.0,510396.7,32923.352222222224,15156.064583333333,20225.24762820513,14813.736666666668,0.0,0.0,0.0,0.0,0.0,0.0,0.0,0.0,0.0,0.0,52583.24666666667,19659.908333333333,14092.313333333334,758705.5866666668,0.0,34026.44666666667,18,24,156,9,0,0,0,0,0,0,0,0,0,0,9,60,6,3,0,15,Премиальный клиент,54,1,5818675
31,39,224818.89,0.0,1162844.12,24204.79,561702.81,0.0,247009.29,0.0,5483.3875609756105,0.0,10970.227547169812,24204.79,5453.425339805825,0.0,5041.0059183673475,0.0,41,0,106,1,103,0,49,0,764053.13,248532.53,3523904.6999999997,77928.11,0.0,0.0,0.0,0.0,0.0,0.0,0.0,0.0,0.0,0.0,555764.48,1226044.41,39723.35,1265075.87,0.0,412000.77,42447.39611111111,16568.835333333333,21356.99818181818,8658.67888888889,0.0,0.0,0.0,0.0,0.0,0.0,0.0,0.0,0.0,0.0,61751.608888888884,20434.0735,6620.558333333333,421691.9566666667,0.0,27466.718,18,15,165,9,0,0,0,0,0,0,0,0,0,0,9,60,6,3,0,15,Зарплатный клиент,39,3,1248239
32,4,137915.94,13452.84,1168902.31,154919.1,451677.74,0.0,247443.1,366682.39,5304.459230769231,13452.84,9990.618034188035,15491.91,5018.641555555556,0.0,4851.825490196078,73336.478,26,1,117,10,90,0,51,5,634755.85,245315.47,3312986.71,107111.63,0.0,0.0,0.0,0.0,0.0,0.0,0.0,0.0,0.0,0.0,531516.66,1170717.9,61478.54,1372775.52,0.0,453960.22000000003,35264.21388888889,16354.364666666666,20078.707333333332,11901.292222222222,0.0,0.0,0.0,0.0,0.0,0.0,0.0,0.0,0.0,0.0,59057.40666666667,19511.965,10246.423333333334,457591.84,0.0,30264.01466666667,18,15,165,9,0,0,0,0,0,0,0,0,0,0,9,60,6,3,0,15,Зарплатный клиент,36,2,83351
33,40,119405.62,0.0,1486949.78,72412.77,476913.64,0.0,304917.3,0.0,5685.981904761905,0.0,11895.59824,24137.59,5128.103655913978,0.0,5257.194827586207,0.0,21,0,125,3,93,0,58,0,521237.27,224542.69,3308982.34,155751.11,0.0,0.0,0.0,0.0,0.0,0.0,0.0,0.0,0.0,0.0,538940.75,1185247.36,98784.29000000001,1304717.58,0.0,391221.08,28957.626111111113,14969.512666666667,20054.438424242424,17305.678888888888,0.0,0.0,0.0,0.0,0.0,0.0,0.0,0.0,0.0,0.0,59882.305555555555,19754.12266666667,16464.048333333336,434905.86000000004,0.0,26081.405333333336,18,15,165,9,0,0,0,0,0,0,0,0,0,0,9,60,6,3,0,15,Стандартный клиент,43,3,86092
34,41,238567.41,0.0,1370167.99,110694.1,438685.51,0.0,249254.79,0.0,5548.079302325582,0.0,12233.642767857144,22138.82,4929.050674157304,0.0,4887.348823529412,0.0,43,0,112,5,89,0,51,0,682503.3,250822.61,3601569.2600000002,119658.76000000001,0.0,0.0,0.0,0.0,0.0,0.0,0.0,0.0,0.0,0.0,510113.3,1275292.21,53745.53,1225568.06,0.0,457569.12,37916.850000000006,16721.50733333333,21827.692484848485,13295.417777777779,0.0,0.0,0.0,0.0,0.0,0.0,0.0,0.0,0.0,0.0,56679.25555555555,21254.870166666668,8957.588333333333,408522.6866666667,0.0,30504.608,18,15,165,9,0,0,0,0,0,0,0,0,0,0,9,60,6,3,0,15,Зарплатный клиент,47,1,1164313
35,42,206573.7,0.0,2046412.39,120492.81,442525.52,0.0,344075.9,0.0,5164.342500000001,0.0,17053.436583333332,24098.561999999998,5268.160952380953,0.0,6746.586274509805,0.0,40,0,120,5,84,0,51,0,706734.05,381526.63,2873765.09,110042.9,0.0,0.0,0.0,0.0,0.0,0.0,0.0,0.0,0.0,0.0,547042.24,1098496.69,72249.95999999999,2343351.26,0.0,438976.67,39263.00277777778,15896.942916666667,18421.57108974359,12226.988888888889,0.0,0.0,0.0,0.0,0.0,0.0,0.0,0.0,0.0,0.0,60782.47111111111,18308.278166666667,12041.659999999998,781117.0866666666,0.0,29265.11133333333,18,24,156,9,0,0,0,0,0,0,0,0,0,0,9,60,6,3,0,15,Премиальный клиент,58,1,2948028
36,43,177599.26,0.0,1271207.18,141541.12,509430.14,0.0,217371.86000000002,0.0,5223.507647058824,0.0,11053.975478260869,23590.186666666665,5145.75898989899,0.0,4725.475217391305,0.0,34,0,115,6,99,0,46,0,542619.33,194559.5,2953786.9899999998,149477.43,0.0,1175431.08,0.0,0.0,0.0,0.0,0.0,0.0,0.0,0.0,501708.46,1266874.73,89206.1,1301556.85,0.0,403164.26,30145.51833333333,12970.633333333333,20093.789047619048,16608.603333333333,0.0,65301.72666666667,0.0,0.0,0.0,0.0,0.0,0.0,0.0,0.0,55745.38444444445,21114.578833333333,14867.683333333334,433852.2833333334,0.0,26877.617333333335,18,15,147,9,0,18,0,0,0,0,0,0,0,0,9,60,6,3,0,15,Зарплатный клиент,28,1,76320
37,44,143519.68,0.0,1279205.36,72173.84,477101.65,0.0,255733.79,0.0,4948.9544827586205,0.0,10233.642880000001,14434.768,5421.609659090909,0.0,4825.165849056604,0.0,29,0,125,5,88,0,53,0,872369.37,237017.86000000002,3191196.71,119856.87,0.0,1429354.8,0.0,0.0,0.0,0.0,0.0,0.0,0.0,0.0,635902.25,1309536.51,76286.6,1304860.3900000001,0.0,435604.5,48464.965,15801.190666666667,21708.821156462585,13317.43,0.0,79408.6,0.0,0.0,0.0,0.0,0.0,0.0,0.0,0.0,70655.80555555556,21825.6085,12714.433333333334,434953.4633333334,0.0,29040.3,18,15,147,9,0,18,0,0,0,0,0,0,0,0,9,60,6,3,0,15,Стандартный клиент,35,1,89846
38,46,130883.4,0.0,1279955.09,100451.7,564456.32,0.0,229780.91,0.0,5033.9769230769225,0.0,11531.126936936938,25112.925,5085.192072072072,0.0,4787.102291666667,0.0,26,0,111,4,111,0,48,0,645085.61,202857.61000000002,2988054.18,107920.81,0.0,1359978.22,0.0,0.0,0.0,0.0,0.0,0.0,0.0,0.0,622771.43,1318812.81,86912.23,1413306.6099999999,0.0,498286.92000000004,35838.08944444444,13523.840666666667,20326.89918367347,11991.201111111111,0.0,75554.34555555556,0.0,0.0,0.0,0.0,0.0,0.0,0.0,0.0,69196.82555555557,21980.2135,14485.371666666666,471102.2033333333,0.0,33219.128000000004,18,15,147,9,0,18,0,0,0,0,0,0,0,0,9,60,6,3,0,15,Стандартный клиент,33,3,86024
39,47,128971.87,0.0,1337496.34,151366.94,427735.23,0.0,276636.02,174076.25,4776.735925925926,0.0,11053.688760330579,25227.823333333334,4860.627613636363,0.0,5219.547547169812,34815.25,27,0,121,6,88,0,53,5,688650.72,338707.53,3100597.91,117618.85,0.0,1456715.49,0.0,0.0,0.0,0.0,0.0,0.0,0.0,0.0,527586.04,1177669.54,82563.98999999999,1162803.67,0.0,408270.28,38258.37333333333,22580.502,21092.502789115646,13068.761111111111,0.0,80928.63833333334,0.0,0.0,0.0,0.0,0.0,0.0,0.0,0.0,58620.671111111114,19627.825666666668,13760.664999999999,387601.2233333333,0.0,27218.018666666667,18,15,147,9,0,18,0,0,0,0,0,0,0,0,9,60,6,3,0,15,Зарплатный клиент,30,3,79592
40,48,150948.19,0.0,1155754.23,154084.32,494446.93,0.0,271230.86,0.0,5205.11,0.0,9963.398534482758,19260.54,5260.073723404255,0.0,5117.563396226415,0.0,29,0,116,8,94,0,53,0,871402.23,156781.19,3430836.59,76899.47,0.0,1339435.88,0.0,0.0,0.0,0.0,0.0,0.0,0.0,0.0,594977.23,1194175.74,67729.48999999999,1199079.43,0.0,348443.03,48411.235,10452.079333333333,23339.024421768707,8544.385555555556,0.0,74413.10444444444,0.0,0.0,0.0,0.0,0.0,0.0,0.0,0.0,66108.58111111111,19902.929,11288.248333333331,399693.1433333333,0.0,23229.535333333337,18,15,147,9,0,18,0,0,0,0,0,0,0,0,9,60,6,3,0,15,Стандартный клиент,38,3,82214
41,49,192434.72,24318.98,1398634.44,53059.79,434822.18,0.0,255498.25,363567.99,5345.408888888889,12159.49,11371.011707317073,17686.596666666668,5504.078227848101,0.0,4913.427884615385,72713.598,36,2,123,3,79,0,52,5,767152.31,213643.8,2800717.96,114031.4,0.0,0.0,0.0,0.0,0.0,0.0,0.0,0.0,537426.03,3632888.11,523028.56,1215356.13,82715.32,1538458.69,0.0,419924.32,42619.57277777778,14242.92,20746.05896296296,12670.155555555555,0.0,0.0,0.0,0.0,0.0,0.0,0.0,0.0,89571.005,151370.33791666667,58114.28444444444,20255.9355,13785.886666666667,512819.5633333333,0.0,27994.95466666667,18,15,135,9,0,0,0,0,0,0,0,0,6,24,9,60,6,3,0,15,Зарплатный клиент,26,1,1410759
42,5,130928.1,25547.25,1133559.44,232743.74,539942.29,0.0,285347.86,355602.32,5455.337500000001,12773.625,11113.327843137255,21158.521818181816,5191.752788461539,0.0,5487.458846153846,71120.464,24,2,102,11,104,0,52,5,590493.11,282883.24,3344845.96,126590.18,0.0,0.0,0.0,0.0,0.0,0.0,0.0,0.0,0.0,0.0,548044.15,1261804.77,74928.97,1262119.01,0.0,454938.05,32805.17277777778,18858.882666666665,20271.793696969697,14065.575555555555,0.0,0.0,0.0,0.0,0.0,0.0,0.0,0.0,0.0,0.0,60893.794444444444,21030.0795,12488.161666666667,420706.33666666667,0.0,30329.20333333333,18,15,165,9,0,0,0,0,0,0,0,0,0,0,9,60,6,3,0,15,Премиальный клиент,45,1,1336536
43,50,214598.61,0.0,1827461.84,161317.38,467217.87,0.0,350642.63,0.0,5502.528461538461,0.0,16920.942962962963,23045.34,5309.293977272727,0.0,6045.562586206896,0.0,39,0,108,7,88,0,58,0,654476.27,329524.24,2491163.69,106588.9,0.0,0.0,0.0,0.0,0.0,0.0,0.0,0.0,549328.5,3435714.92,520486.78,1179330.85,84199.02,2358670.9,0.0,445902.39,36359.79277777778,13730.176666666666,19771.140396825398,11843.21111111111,0.0,0.0,0.0,0.0,0.0,0.0,0.0,0.0,91554.75,143154.78833333333,57831.86444444445,19655.514166666668,14033.17,786223.6333333333,0.0,29726.826,18,24,126,9,0,0,0,0,0,0,0,0,6,24,9,60,6,3,0,15,Премиальный клиент,42,1,3573697
44,51,140993.98,0.0,1142194.03,218971.49,560258.72,0.0,242550.78,0.0,5035.499285714286,0.0,10575.870648148148,24330.165555555555,5187.58074074074,0.0,5160.654893617021,0.0,28,0,108,9,108,0,47,0,765324.81,251626.15,2781473.81,157192.06999999998,0.0,0.0,0.0,0.0,0.0,0.0,0.0,0.0,995734.69,4272822.99,570573.83,1150333.05,81252.87,1231613.96,0.0,514661.89,42518.045000000006,16775.076666666668,20603.509703703705,17465.785555555554,0.0,0.0,0.0,0.0,0.0,0.0,0.0,0.0,165955.78166666665,178034.29125,63397.092222222214,19172.217500000002,13542.144999999999,410537.98666666663,0.0,34310.79266666667,18,15,135,9,0,0,0,0,0,0,0,0,6,24,9,60,6,3,0,15,Зарплатный клиент,31,1,1429027
45,52,156278.4,0.0,1788319.42,74623.2,423202.75,0.0,430604.2,0.0,5209.28,0.0,15284.781367521367,14924.64,5038.127976190476,0.0,6728.190625,0.0,30,0,117,5,84,0,64,0,673217.98,366306.13,2377282.1,142453.84,0.0,0.0,0.0,0.0,0.0,0.0,0.0,0.0,668970.5700000001,3570845.39,595358.63,1288827.44,83231.08,2618498.27,0.0,458517.75,37400.99888888889,15262.755416666667,18867.318253968253,15828.204444444444,0.0,0.0,0.0,0.0,0.0,0.0,0.0,0.0,111495.09500000002,148785.22458333333,66150.95888888888,21480.457333333332,13871.846666666666,872832.7566666667,0.0,30567.85,18,24,126,9,0,0,0,0,0,0,0,0,6,24,9,60,6,3,0,15,Премиальный клиент,36,1,3418709
46,53,56856.95,0.0,1277805.35,141194.94,500954.31,0.0,315006.51,0.0,5168.813636363636,0.0,10560.37479338843,23532.49,5060.144545454546,0.0,5000.1033333333335,0.0,11,0,121,6,99,0,63,0,600306.87,266391.35,2965458.38,121146.5,0.0,0.0,0.0,0.0,0.0,0.0,0.0,0.0,689604.36,2786356.35,457279.87,1247900.07,80541.56,964943.06,0.0,437828.31,33350.38166666667,17759.423333333332,21966.35837037037,13460.722222222223,0.0,0.0,0.0,0.0,0.0,0.0,0.0,0.0,114934.06,116098.18125000001,50808.874444444446,20798.3345,13423.593333333332,321647.6866666667,0.0,29188.554,18,15,135,9,0,0,0,0,0,0,0,0,6,24,9,60,6,3,0,15,Зарплатный клиент,29,2,1258584
47,54,129560.26,15607.38,2064791.1099999999,181374.44,420634.15,0.0,360848.91,696577.1699999999,5182.4104,15607.38,16518.328879999997,22671.805,5193.014197530864,0.0,6560.889272727272,139315.43399999998,25,1,125,8,81,0,55,5,748077.21,280048.0,2706713.3,116520.04,0.0,0.0,0.0,0.0,0.0,0.0,0.0,0.0,708749.3,3464680.9299999997,471568.42,1324540.73,141371.16,2555635.84,0.0,430748.41000000003,41559.845,11668.666666666666,21481.851587301586,12946.67111111111,0.0,0.0,0.0,0.0,0.0,0.0,0.0,0.0,118124.88333333335,144361.70541666666,52396.49111111111,22075.67883333333,23561.86,851878.6133333333,0.0,28716.560666666668,18,24,126,9,0,0,0,0,0,0,0,0,6,24,9,60,6,3,0,15,Премиальный клиент,45,3,4083294
48,55,160122.29,0.0,1707866.96,63777.71000000001,481665.88,0.0,311304.06,0.0,5521.458275862069,0.0,14232.224666666667,15944.427500000002,5124.105106382979,0.0,5873.661509433962,0.0,29,0,120,4,94,0,53,0,556337.38,274094.9,2944256.18,130212.65,0.0,0.0,0.0,0.0,0.0,4500000.0,3158855.14,0.0,0.0,0.0,504904.05,1366964.73,50884.58,2695600.0700000003,0.0,466509.97,30907.632222222222,11420.620833333334,19628.374533333335,14468.072222222221,0.0,0.0,0.0,0.0,0.0,1500000.0,1052951.7133333334,0.0,0.0,0.0,56100.45,22782.7455,8480.763333333334,898533.3566666668,0.0,31100.664666666664,18,24,150,9,0,0,0,0,0,3,3,0,0,0,9,60,6,3,0,15,Премиальный клиент,49,1,3504443
49,56,109659.84,10104.26,1367333.57,161763.76,507880.02,0.0,211080.97,370844.73,4984.538181818181,10104.26,10938.66856,17973.751111111113,5182.44918367347,0.0,5277.02425,74168.946,22,1,125,9,98,0,40,5,697269.96,275792.26,3099039.24,164987.34,0.0,0.0,0.0,0.0,0.0,3659601.59,4255290.95,0.0,0.0,0.0,485530.01,1350424.3,58447.96,1351627.8399999999,0.0,492860.58,38737.22,18386.15066666667,19490.81283018868,18331.926666666666,0.0,0.0,0.0,0.0,0.0,1219867.1966666665,1418430.3166666667,0.0,0.0,0.0,53947.77888888889,22507.071666666667,9741.326666666666,450542.6133333333,0.0,32857.372,18,15,159,9,0,0,0,0,0,3,3,0,0,0,9,60,6,3,0,15,Зарплатный клиент,44,1,60622
50,57,161812.51,0.0,1912027.42,134643.77,493145.9,0.0,306034.89,0.0,5219.758387096775,0.0,15933.561833333333,19234.824285714283,5136.936458333334,0.0,6652.932391304348,0.0,31,0,120,7,96,0,46,0,599010.4400000001,318664.31,3104350.7600000002,146613.56,0.0,0.0,0.0,0.0,0.0,3616135.87,4500000.0,0.0,0.0,0.0,514679.58,1116685.75,86728.01,2657352.6100000003,0.0,380088.12,33278.35777777778,13277.679583333333,20695.671733333336,16290.395555555555,0.0,0.0,0.0,0.0,0.0,1205378.6233333333,1500000.0,0.0,0.0,0.0,57186.62,18611.429166666665,14454.668333333333,885784.2033333335,0.0,25339.208,18,24,150,9,0,0,0,0,0,3,3,0,0,0,9,60,6,3,0,15,Премиальный клиент,52,3,2757704
51,58,212897.21,0.0,1371694.44,123720.87,514239.16,0.0,214579.62,0.0,5753.978648648648,0.0,11824.952068965516,17674.41,5247.338367346939,0.0,5109.038571428571,0.0,37,0,116,7,98,0,42,0,639265.44,284361.46,3436680.12,137716.8,0.0,0.0,0.0,0.0,0.0,2965472.02,3746346.66,0.0,0.0,0.0,639623.11,1228645.82,115837.3,1263173.49,0.0,505655.45,35514.746666666666,18957.430666666667,21614.34037735849,15301.866666666665,0.0,0.0,0.0,0.0,0.0,988490.6733333333,1248782.22,0.0,0.0,0.0,71069.23444444445,20477.430333333334,19306.216666666667,421057.83,0.0,33710.363333333335,18,15,159,9,0,0,0,0,0,3,3,0,0,0,9,60,6,3,0,15,Зарплатный клиент,40,2,62335
52,59,110377.53,0.0,1955082.34,233195.38,549293.24,0.0,243958.57,0.0,4599.06375,0.0,16292.352833333334,17938.106153846154,5231.364190476191,0.0,6419.962368421053,0.0,24,0,120,13,105,0,38,0,668147.34,274336.33,3130922.02,155684.02,0.0,0.0,0.0,0.0,0.0,3608033.35,3374212.7199999997,0.0,0.0,0.0,515038.54,1473059.37,112462.86,2028751.85,0.0,409815.48,37119.29666666666,11430.680416666668,20872.813466666666,17298.224444444444,0.0,0.0,0.0,0.0,0.0,1202677.7833333334,1124737.5733333332,0.0,0.0,0.0,57226.50444444444,24550.989500000003,18743.81,676250.6166666667,0.0,27321.032,18,24,150,9,0,0,0,0,0,3,3,0,0,0,9,60,6,3,0,15,Премиальный клиент,55,1,4427461
53,6,157880.27,24121.26,1381033.4,94236.6,425470.27,0.0,273678.05,313837.01999999996,4933.7584375,8040.419999999999,11605.322689075629,15706.1,5252.71938271605,0.0,5068.112037037037,62767.403999999995,32,3,119,6,81,0,54,5,629865.51,280137.19,3619748.11,109520.75,0.0,0.0,0.0,0.0,0.0,0.0,0.0,0.0,0.0,0.0,481453.8,1331551.75,60443.57,1378299.83,0.0,370190.08,34992.528333333335,18675.81266666667,21937.86733333333,12168.972222222223,0.0,0.0,0.0,0.0,0.0,0.0,0.0,0.0,0.0,0.0,53494.86666666667,22192.529166666667,10073.928333333333,459433.2766666667,0.0,24679.338666666667,18,15,165,9,0,0,0,0,0,0,0,0,0,0,9,60,6,3,0,15,Стандартный клиент,34,1,131929
54,60,149580.25,0.0,1262660.64,156160.9,474633.95,0.0,256745.94,0.0,4986.008333333333,0.0,10265.533658536584,19520.1125,5273.710555555555,0.0,5239.71306122449,0.0,30,0,123,8,90,0,49,0,960120.09,255214.55,3289469.87,130082.07,0.0,0.0,0.0,0.0,0.0,3700691.4899999998,3445419.0999999996,0.0,0.0,0.0,482833.95,1398623.22,74897.19,993583.48,0.0,411304.24,56477.65235294117,17014.303333333333,20688.489748427673,14453.563333333334,0.0,0.0,0.0,0.0,0.0,1233563.8299999998,1148473.0333333332,0.0,0.0,0.0,53648.21666666667,23310.387,12482.865,331194.49333333335,0.0,27420.282666666666,17,15,159,9,0,0,0,0,0,3,3,0,0,0,9,60,6,3,0,15,Зарплатный клиент,42,3,48779
55,7,150285.89,0.0,1216786.94,195545.89,481417.0,422681.96,235104.21,0.0,5182.272068965518,0.0,11163.182935779816,21727.321111111112,5349.077777777778,26417.6225,5002.217234042553,0.0,29,0,109,9,90,16,47,0,1193728.17,286941.56,4110840.27,182859.58000000002,0.0,0.0,0.0,0.0,0.0,0.0,0.0,0.0,0.0,0.0,987487.14,1572706.7,132023.71,1197030.77,0.0,557691.12,39790.939,19129.43733333333,28547.501875,20317.731111111112,0.0,0.0,0.0,0.0,0.0,0.0,0.0,0.0,0.0,0.0,65832.476,26211.778333333332,22003.951666666664,399010.25666666665,0.0,30982.84,30,15,144,9,0,0,0,0,0,0,0,0,0,0,15,60,6,3,0,18,Премиальный клиент,48,1,4040997
56,8,102316.5,0.0,1373524.21,231431.28,518670.74,753653.76,235529.35,0.0,5385.078947368421,0.0,13081.182952380952,21039.20727272727,5637.725434782608,30146.1504,4906.861458333334,0.0,19,0,105,11,92,25,48,0,1162883.3,319047.33,4048995.4,266820.85,0.0,0.0,0.0,0.0,0.0,0.0,0.0,0.0,0.0,0.0,942178.78,1730533.82,109128.9,1349955.04,0.0,609707.88,38762.776666666665,21269.822,28118.02361111111,29646.761111111107,0.0,0.0,0.0,0.0,0.0,0.0,0.0,0.0,0.0,0.0,62811.91866666667,28842.230333333333,18188.149999999998,449985.01333333337,0.0,33872.66,30,15,144,9,0,0,0,0,0,0,0,0,0,0,15,60,6,3,0,18,Зарплатный клиент,33,1,1058403
57,9,130943.52,0.0,1304289.07,162496.13,461941.75,540938.59,223279.84,0.0,5036.289230769231,0.0,11857.173363636364,20312.01625,5190.356741573034,30052.143888888888,4556.731428571428,0.0,26,0,110,8,89,18,49,0,1115664.13,296431.78,4138180.77,188381.32,0.0,0.0,0.0,0.0,0.0,0.0,0.0,0.0,0.0,0.0,934903.77,1825147.95,92987.82,1205500.19,0.0,551803.5700000001,37188.804333333326,19762.11866666667,28737.366458333334,20931.257777777777,0.0,0.0,0.0,0.0,0.0,0.0,0.0,0.0,0.0,0.0,62326.918,30419.1325,15497.970000000001,401833.39666666667,0.0,30655.753888888892,30,15,144,9,0,0,0,0,0,0,0,0,0,0,15,60,6,3,0,18,Премиальный клиент,55,1,3084180
